customer_id,customer_name,region,customer_type,registration_date
CUST0001,Sanjay Kumar,Erode,Individual,2024-02-05
CUST0002,Manoj Reddy,Chennai,Individual,2023-09-21
CUST0003,Deepak Krishnan,Trichy,Individual,2024-09-11
CUST0004,Manoj Sharma,Chennai,Individual,2026-03-27
CUST0005,Ravi Menon,Chennai,Business,2026-07-18
CUST0006,Arun Krishnan,Madurai,Individual,2024-10-23
CUST0007,Swathi Mohan,Erode,Individual,2023-09-23
CUST0008,Karthik Sharma,Trichy,Individual,2024-05-16
CUST0009,Surya Sharma,Salem,Business,2024-05-20
CUST0010,Vijay Reddy,Chennai,Individual,2025-03-07
CUST0011,Sanjay Iyer,Trichy,Individual,2024-09-08
CUST0012,Deepak Reddy,Tirunelveli,Business,2025-10-02
CUST0013,Harish Balan,Chennai,Individual,2023-02-22
CUST0014,Akash Kumar,Coimbatore,Business,2026-01-28
CUST0015,Naveen Kumar,Madurai,Individual,2024-12-08
CUST0016,Kavya Sharma,Chennai,Business,2023-03-11
CUST0017,Deepak Iyer,Coimbatore,Business,2024-02-21
CUST0018,Sanjay Balan,Tirunelveli,Individual,2024-09-10
CUST0019,Kavya Menon,Vellore,Individual,2024-08-12
CUST0020,Akash Balan,Chennai,Individual,2024-08-19
CUST0021,Arun Krishnan,Chennai,Individual,2026-06-23
CUST0022,Rahul Mohan,Coimbatore,Individual,2026-08-15
CUST0023,Surya Mohan,Erode,Individual,2023-07-18
CUST0024,Deepak Nair,Chennai,Individual,2024-05-17
CUST0025,Meena Menon,Chennai,Individual,2024-04-05
CUST0026,Vijay Nair,Chennai,Individual,2023-11-14
CUST0027,Keerthi Sharma,Tirunelveli,Individual,2025-01-06
CUST0028,Ravi Iyer,Salem,Individual,2024-11-11
CUST0029,Swathi Menon,Trichy,Individual,2023-12-31
CUST0030,Vijay Nair,Chennai,Individual,2025-05-28
CUST0031,Keerthi Nair,Erode,Individual,2025-07-08
CUST0032,Harish Menon,Salem,Individual,2026-03-27
CUST0033,Sanjay Reddy,Tirunelveli,Business,2025-06-12
CUST0034,Ravi Krishnan,Tirunelveli,Individual,2025-01-13
CUST0035,Keerthi Balan,Coimbatore,Individual,2026-03-02
CUST0036,Keerthi Reddy,Salem,Individual,2024-03-04
CUST0037,Naveen Raj,Salem,Individual,2025-11-19
CUST0038,Divya Kumar,Chennai,Individual,2026-01-09
CUST0039,Deepak Menon,Coimbatore,Individual,2024-03-16
CUST0040,Manoj Krishnan,Trichy,Individual,2025-08-05
CUST0041,Karthik Reddy,Chennai,Individual,2024-07-16
CUST0042,Dinesh Balan,Chennai,Individual,2024-10-10
CUST0043,Arun Krishnan,Salem,Business,2023-02-15
CUST0044,Kavya Iyer,Chennai,Business,2025-10-24
CUST0045,Ravi Nair,Erode,Individual,2024-10-03
CUST0046,Harish Menon,Madurai,Individual,2023-08-22
CUST0047,Sanjay Menon,Erode,Individual,2024-12-18
CUST0048,Sanjay Sharma,Trichy,Individual,2025-10-30
CUST0049,Meena Balan,Coimbatore,Business,2024-08-22
CUST0050,Karthik Balan,Chennai,Individual,2024-12-13
CUST0051,Kavya Reddy,Salem,Individual,2026-01-27
CUST0052,Naveen Balan,Chennai,Individual,2023-11-18
CUST0053,Keerthi Iyer,Chennai,Individual,2026-08-28
CUST0054,Naveen Sharma,Vellore,Individual,2023-12-03
CUST0055,Vijay Raj,Chennai,Individual,2024-11-05
CUST0056,Swathi Sharma,Vellore,Individual,2026-02-03
CUST0057,Karthik Iyer,Trichy,Individual,2026-06-08
CUST0058,Priya Kumar,Vellore,Individual,2025-07-14
CUST0059,Vijay Iyer,Vellore,Individual,2025-09-26
CUST0060,Harish Menon,Vellore,Individual,2024-04-01
CUST0061,Karthik Sharma,Madurai,Individual,2024-12-01
CUST0062,Akash Mohan,Chennai,Individual,2024-08-14
CUST0063,Vijay Raj,Vellore,Individual,2026-06-16
CUST0064,Ravi Raj,Vellore,Individual,2023-06-26
CUST0065,Keerthi Nair,Trichy,Individual,2026-02-09
CUST0066,Naveen Mohan,Chennai,Business,2025-02-17
CUST0067,Harish Balan,Salem,Individual,2026-07-01
CUST0068,Deepak Reddy,Vellore,Individual,2024-07-10
CUST0069,Dinesh Kumar,Chennai,Individual,2025-09-25
CUST0070,Divya Menon,Madurai,Individual,2023-01-18
CUST0071,Dinesh Balan,Coimbatore,Business,2024-12-13
CUST0072,Karthik Mohan,Chennai,Individual,2023-01-26
CUST0073,Surya Mohan,Trichy,Individual,2023-05-16
CUST0074,Kavya Raj,Coimbatore,Individual,2025-07-07
CUST0075,Divya Krishnan,Vellore,Individual,2023-11-13
CUST0076,Deepak Raj,Erode,Individual,2024-11-29
CUST0077,Meena Krishnan,Erode,Individual,2026-05-04
CUST0078,Rahul Kumar,Vellore,Individual,2026-03-22
CUST0079,Keerthi Sharma,Salem,Business,2023-02-08
CUST0080,Deepak Sharma,Madurai,Individual,2026-05-25
CUST0081,Divya Menon,Trichy,Individual,2023-10-15
CUST0082,Sanjay Mohan,Vellore,Individual,2024-07-27
CUST0083,Sanjay Nair,Tirunelveli,Individual,2026-07-14
CUST0084,Deepak Iyer,Trichy,Individual,2025-06-04
CUST0085,Arun Iyer,Tirunelveli,Business,2025-06-04
CUST0086,Surya Nair,Chennai,Individual,2023-12-22
CUST0087,Keerthi Nair,Erode,Individual,2024-07-19
CUST0088,Karthik Iyer,Coimbatore,Individual,2024-10-16
CUST0089,Priya Raj,Vellore,Individual,2024-05-18
CUST0090,Arun Sharma,Tirunelveli,Individual,2025-04-21
CUST0091,Rahul Menon,Salem,Business,2024-08-19
CUST0092,Akash Reddy,Trichy,Individual,2025-05-16
CUST0093,Harish Kumar,Salem,Individual,2023-05-17
CUST0094,Ravi Mohan,Chennai,Individual,2026-04-23
CUST0095,Arun Balan,Chennai,Business,2024-02-28
CUST0096,Manoj Balan,Coimbatore,Individual,2026-05-10
CUST0097,Manoj Nair,Vellore,Individual,2026-04-28
CUST0098,Deepak Sharma,Coimbatore,Individual,2023-01-01
CUST0099,Karthik Reddy,Chennai,Individual,2025-10-08
CUST0100,Akash Mohan,Madurai,Business,2025-12-23
CUST0101,Deepak Reddy,Chennai,Business,2024-06-09
CUST0102,Kavya Reddy,Vellore,Individual,2023-05-05
CUST0103,Keerthi Sharma,Chennai,Individual,2023-12-22
CUST0104,Dinesh Kumar,Chennai,Individual,2023-08-03
CUST0105,Dinesh Reddy,Coimbatore,Individual,2025-01-23
CUST0106,Priya Kumar,Chennai,Individual,2024-08-20
CUST0107,Manoj Krishnan,Trichy,Business,2025-01-05
CUST0108,Priya Reddy,Madurai,Business,2025-07-11
CUST0109,Rahul Kumar,Coimbatore,Individual,2023-03-25
CUST0110,Surya Mohan,Trichy,Individual,2023-12-28
CUST0111,Naveen Menon,Vellore,Individual,2025-04-21
CUST0112,Kavya Balan,Madurai,Business,2025-02-15
CUST0113,Manoj Balan,Coimbatore,Individual,2023-12-12
CUST0114,Priya Raj,Vellore,Individual,2024-11-30
CUST0115,Sanjay Raj,Salem,Individual,2026-02-24
CUST0116,Karthik Balan,Coimbatore,Business,2025-10-29
CUST0117,Deepak Raj,Coimbatore,Business,2026-01-28
CUST0118,Karthik Krishnan,Tirunelveli,Individual,2023-10-21
CUST0119,Vijay Balan,Salem,Individual,2025-09-12
CUST0120,Dinesh Menon,Vellore,Individual,2025-02-10
CUST0121,Naveen Sharma,Erode,Individual,2023-05-25
CUST0122,Swathi Menon,Madurai,Business,2026-07-27
CUST0123,Karthik Reddy,Chennai,Individual,2026-01-24
CUST0124,Deepak Iyer,Trichy,Individual,2025-07-14
CUST0125,Swathi Nair,Chennai,Individual,2023-07-26
CUST0126,Naveen Krishnan,Vellore,Individual,2024-01-27
CUST0127,Anitha Balan,Vellore,Individual,2023-12-10
CUST0128,Kavya Balan,Erode,Individual,2025-06-26
CUST0129,Kavya Sharma,Trichy,Business,2023-05-18
CUST0130,Naveen Balan,Coimbatore,Individual,2024-08-03
CUST0131,Meena Iyer,Tirunelveli,Individual,2026-06-14
CUST0132,Kavya Menon,Chennai,Individual,2024-01-07
CUST0133,Sanjay Sharma,Trichy,Individual,2024-11-04
CUST0134,Naveen Balan,Madurai,Individual,2023-11-25
CUST0135,Anitha Balan,Vellore,Individual,2024-12-13
CUST0136,Naveen Mohan,Chennai,Individual,2026-08-21
CUST0137,Deepak Menon,Vellore,Individual,2023-06-12
CUST0138,Ravi Menon,Chennai,Individual,2023-03-30
CUST0139,Priya Nair,Madurai,Individual,2026-02-24
CUST0140,Dinesh Mohan,Erode,Individual,2023-04-28
CUST0141,Harish Nair,Erode,Individual,2026-01-02
CUST0142,Karthik Kumar,Tirunelveli,Individual,2026-02-27
CUST0143,Karthik Kumar,Chennai,Individual,2025-07-20
CUST0144,Divya Balan,Salem,Individual,2025-06-19
CUST0145,Ravi Reddy,Coimbatore,Individual,2024-01-07
CUST0146,Arun Iyer,Chennai,Individual,2024-12-27
CUST0147,Manoj Balan,Tirunelveli,Individual,2026-05-04
CUST0148,Rahul Reddy,Salem,Individual,2024-12-26
CUST0149,Divya Raj,Coimbatore,Individual,2023-05-17
CUST0150,Dinesh Nair,Chennai,Business,2023-11-22
CUST0151,Arun Nair,Salem,Individual,2023-04-18
CUST0152,Divya Balan,Chennai,Individual,2024-09-04
CUST0153,Kavya Mohan,Chennai,Individual,2026-06-23
CUST0154,Manoj Sharma,Erode,Individual,2023-06-16
CUST0155,Keerthi Krishnan,Tirunelveli,Individual,2023-03-24
CUST0156,Keerthi Iyer,Salem,Individual,2024-12-12
CUST0157,Rahul Mohan,Chennai,Individual,2025-08-19
CUST0158,Harish Raj,Chennai,Individual,2024-07-29
CUST0159,Akash Mohan,Chennai,Business,2025-09-16
CUST0160,Dinesh Raj,Madurai,Business,2025-06-12
CUST0161,Swathi Iyer,Coimbatore,Individual,2025-08-01
CUST0162,Surya Balan,Chennai,Individual,2023-06-04
CUST0163,Keerthi Menon,Trichy,Individual,2023-10-09
CUST0164,Keerthi Sharma,Salem,Individual,2025-10-18
CUST0165,Karthik Krishnan,Chennai,Individual,2025-04-26
CUST0166,Vijay Raj,Madurai,Individual,2025-06-09
CUST0167,Naveen Balan,Madurai,Individual,2024-06-14
CUST0168,Vijay Raj,Madurai,Individual,2026-02-14
CUST0169,Harish Krishnan,Tirunelveli,Individual,2024-10-07
CUST0170,Meena Kumar,Chennai,Individual,2026-05-08
CUST0171,Rahul Kumar,Madurai,Business,2026-05-14
CUST0172,Manoj Raj,Trichy,Individual,2026-07-08
CUST0173,Surya Krishnan,Chennai,Individual,2023-06-09
CUST0174,Manoj Krishnan,Coimbatore,Business,2026-04-09
CUST0175,Vijay Krishnan,Tirunelveli,Individual,2026-03-23
CUST0176,Swathi Nair,Chennai,Individual,2025-06-03
CUST0177,Kavya Mohan,Madurai,Individual,2025-11-04
CUST0178,Naveen Balan,Salem,Individual,2025-09-13
CUST0179,Sanjay Balan,Trichy,Individual,2023-03-05
CUST0180,Kavya Krishnan,Salem,Individual,2023-01-02
CUST0181,Akash Raj,Vellore,Individual,2023-04-23
CUST0182,Divya Reddy,Trichy,Individual,2025-05-13
CUST0183,Surya Balan,Trichy,Individual,2023-01-26
CUST0184,Surya Sharma,Tirunelveli,Individual,2025-06-16
CUST0185,Sanjay Raj,Erode,Individual,2025-06-30
CUST0186,Rahul Sharma,Chennai,Individual,2024-09-22
CUST0187,Kavya Raj,Trichy,Individual,2025-01-04
CUST0188,Deepak Menon,Coimbatore,Individual,2023-03-08
CUST0189,Keerthi Iyer,Madurai,Individual,2024-01-25
CUST0190,Deepak Reddy,Coimbatore,Business,2024-01-21
CUST0191,Vijay Iyer,Chennai,Business,2023-03-13
CUST0192,Divya Kumar,Chennai,Business,2023-11-21
CUST0193,Rahul Iyer,Chennai,Individual,2023-02-08
CUST0194,Rahul Iyer,Chennai,Individual,2024-04-30
CUST0195,Anitha Menon,Chennai,Business,2024-06-27
CUST0196,Rahul Balan,Trichy,Individual,2026-03-18
CUST0197,Vijay Menon,Chennai,Individual,2024-12-05
CUST0198,Anitha Raj,Tirunelveli,Individual,2023-09-12
CUST0199,Meena Kumar,Madurai,Individual,2024-05-19
CUST0200,Divya Krishnan,Madurai,Business,2024-03-16
CUST0201,Rahul Kumar,Chennai,Individual,2023-08-16
CUST0202,Akash Mohan,Chennai,Individual,2025-11-26
CUST0203,Anitha Reddy,Coimbatore,Individual,2026-07-04
CUST0204,Arun Menon,Chennai,Individual,2024-06-04
CUST0205,Dinesh Reddy,Coimbatore,Individual,2024-01-09
CUST0206,Karthik Kumar,Erode,Individual,2024-12-30
CUST0207,Arun Balan,Coimbatore,Individual,2024-09-17
CUST0208,Divya Reddy,Tirunelveli,Individual,2024-05-21
CUST0209,Ravi Nair,Madurai,Individual,2026-07-22
CUST0210,Naveen Nair,Chennai,Individual,2026-02-24
CUST0211,Rahul Nair,Erode,Individual,2025-11-10
CUST0212,Harish Menon,Chennai,Individual,2025-06-14
CUST0213,Harish Reddy,Vellore,Individual,2024-02-13
CUST0214,Priya Kumar,Madurai,Individual,2025-05-23
CUST0215,Surya Sharma,Tirunelveli,Individual,2024-05-19
CUST0216,Karthik Iyer,Coimbatore,Individual,2024-02-02
CUST0217,Arun Menon,Coimbatore,Individual,2025-07-17
CUST0218,Harish Menon,Chennai,Individual,2025-02-10
CUST0219,Ravi Kumar,Trichy,Individual,2025-09-15
CUST0220,Karthik Nair,Madurai,Business,2023-09-02
CUST0221,Surya Raj,Chennai,Individual,2025-12-28
CUST0222,Manoj Mohan,Trichy,Individual,2023-11-05
CUST0223,Surya Menon,Erode,Individual,2023-05-09
CUST0224,Dinesh Raj,Vellore,Individual,2024-06-25
CUST0225,Keerthi Raj,Salem,Business,2025-12-13
CUST0226,Karthik Balan,Trichy,Individual,2023-06-18
CUST0227,Vijay Sharma,Salem,Business,2023-11-30
CUST0228,Rahul Krishnan,Chennai,Individual,2024-11-25
CUST0229,Manoj Iyer,Madurai,Individual,2024-09-21
CUST0230,Deepak Nair,Madurai,Individual,2025-06-30
CUST0231,Rahul Sharma,Chennai,Individual,2023-03-19
CUST0232,Swathi Raj,Chennai,Individual,2024-10-22
CUST0233,Manoj Raj,Erode,Business,2024-09-17
CUST0234,Dinesh Reddy,Erode,Individual,2023-05-31
CUST0235,Kavya Balan,Trichy,Individual,2023-01-21
CUST0236,Swathi Raj,Trichy,Individual,2023-07-12
CUST0237,Surya Nair,Trichy,Individual,2026-02-10
CUST0238,Karthik Balan,Chennai,Business,2023-03-10
CUST0239,Sanjay Iyer,Tirunelveli,Individual,2025-04-12
CUST0240,Naveen Menon,Erode,Business,2025-02-05
CUST0241,Naveen Sharma,Madurai,Individual,2023-08-15
CUST0242,Manoj Balan,Madurai,Individual,2025-07-05
CUST0243,Vijay Sharma,Chennai,Individual,2023-03-24
CUST0244,Meena Krishnan,Chennai,Individual,2024-11-28
CUST0245,Priya Mohan,Coimbatore,Individual,2023-09-25
CUST0246,Meena Krishnan,Trichy,Individual,2023-03-11
CUST0247,Anitha Raj,Chennai,Individual,2024-11-05
CUST0248,Harish Balan,Erode,Individual,2024-03-04
CUST0249,Naveen Nair,Chennai,Individual,2024-12-05
CUST0250,Ravi Reddy,Chennai,Individual,2023-01-01
CUST0251,Rahul Mohan,Chennai,Individual,2024-12-30
CUST0252,Meena Raj,Chennai,Business,2026-01-24
CUST0253,Karthik Nair,Coimbatore,Individual,2024-05-09
CUST0254,Arun Mohan,Chennai,Individual,2024-02-24
CUST0255,Harish Kumar,Chennai,Individual,2024-10-03
CUST0256,Vijay Nair,Chennai,Individual,2024-04-29
CUST0257,Sanjay Krishnan,Trichy,Individual,2023-11-24
CUST0258,Swathi Kumar,Coimbatore,Business,2023-04-26
CUST0259,Karthik Reddy,Salem,Individual,2024-03-15
CUST0260,Naveen Krishnan,Vellore,Individual,2024-04-14
CUST0261,Priya Krishnan,Chennai,Individual,2025-03-20
CUST0262,Akash Menon,Salem,Individual,2025-05-03
CUST0263,Rahul Balan,Tirunelveli,Business,2025-09-23
CUST0264,Priya Menon,Madurai,Individual,2024-02-12
CUST0265,Deepak Nair,Madurai,Individual,2025-04-23
CUST0266,Keerthi Menon,Tirunelveli,Individual,2024-05-11
CUST0267,Arun Sharma,Madurai,Individual,2023-11-14
CUST0268,Anitha Iyer,Vellore,Individual,2024-10-14
CUST0269,Ravi Krishnan,Trichy,Individual,2025-07-12
CUST0270,Naveen Sharma,Erode,Business,2023-03-30
CUST0271,Dinesh Menon,Chennai,Individual,2026-05-22
CUST0272,Ravi Sharma,Erode,Individual,2025-05-15
CUST0273,Divya Mohan,Madurai,Individual,2024-01-18
CUST0274,Divya Kumar,Madurai,Individual,2024-09-02
CUST0275,Akash Reddy,Chennai,Individual,2025-09-29
CUST0276,Divya Kumar,Chennai,Individual,2026-04-07
CUST0277,Arun Balan,Chennai,Individual,2025-03-09
CUST0278,Priya Kumar,Chennai,Business,2024-05-01
CUST0279,Swathi Sharma,Chennai,Individual,2023-08-05
CUST0280,Anitha Menon,Tirunelveli,Individual,2023-09-28
CUST0281,Meena Reddy,Salem,Individual,2025-04-19
CUST0282,Deepak Raj,Erode,Individual,2025-05-31
CUST0283,Manoj Raj,Coimbatore,Individual,2023-11-24
CUST0284,Surya Raj,Chennai,Individual,2023-02-12
CUST0285,Karthik Mohan,Salem,Individual,2023-02-09
CUST0286,Priya Raj,Salem,Individual,2026-08-26
CUST0287,Akash Balan,Salem,Individual,2023-01-23
CUST0288,Arun Kumar,Salem,Individual,2024-12-05
CUST0289,Priya Menon,Salem,Individual,2023-03-26
CUST0290,Ravi Balan,Chennai,Individual,2024-05-17
CUST0291,Meena Sharma,Coimbatore,Individual,2023-11-27
CUST0292,Sanjay Menon,Erode,Individual,2023-06-28
CUST0293,Arun Nair,Salem,Individual,2026-07-16
CUST0294,Ravi Reddy,Erode,Business,2024-07-19
CUST0295,Swathi Reddy,Erode,Individual,2023-10-18
CUST0296,Karthik Iyer,Tirunelveli,Individual,2024-04-14
CUST0297,Manoj Menon,Vellore,Individual,2025-07-16
CUST0298,Kavya Sharma,Madurai,Individual,2023-06-15
CUST0299,Dinesh Mohan,Chennai,Individual,2023-10-10
CUST0300,Kavya Krishnan,Tirunelveli,Individual,2023-07-06
CUST0301,Naveen Sharma,Chennai,Individual,2026-02-03
CUST0302,Ravi Krishnan,Chennai,Individual,2024-08-25
CUST0303,Keerthi Raj,Madurai,Individual,2025-02-20
CUST0304,Arun Nair,Erode,Individual,2026-03-20
CUST0305,Rahul Raj,Chennai,Individual,2025-01-08
CUST0306,Rahul Kumar,Erode,Business,2025-01-25
CUST0307,Swathi Iyer,Chennai,Individual,2025-09-15
CUST0308,Ravi Iyer,Chennai,Individual,2025-01-30
CUST0309,Keerthi Menon,Coimbatore,Business,2026-07-10
CUST0310,Divya Krishnan,Coimbatore,Business,2024-06-05
CUST0311,Manoj Menon,Madurai,Individual,2023-12-10
CUST0312,Sanjay Raj,Chennai,Individual,2024-01-31
CUST0313,Naveen Iyer,Vellore,Individual,2026-03-29
CUST0314,Dinesh Krishnan,Salem,Individual,2023-03-08
CUST0315,Manoj Sharma,Trichy,Individual,2024-04-04
CUST0316,Vijay Krishnan,Salem,Individual,2023-12-10
CUST0317,Vijay Balan,Trichy,Individual,2025-01-28
CUST0318,Deepak Menon,Coimbatore,Business,2024-05-15
CUST0319,Naveen Iyer,Chennai,Individual,2024-03-16
CUST0320,Akash Iyer,Erode,Individual,2023-01-24
CUST0321,Arun Balan,Madurai,Individual,2026-04-13
CUST0322,Swathi Reddy,Trichy,Business,2023-11-27
CUST0323,Dinesh Krishnan,Salem,Individual,2023-06-15
CUST0324,Deepak Nair,Trichy,Individual,2026-05-27
CUST0325,Vijay Menon,Tirunelveli,Individual,2023-04-29
CUST0326,Anitha Menon,Coimbatore,Individual,2024-05-13
CUST0327,Harish Sharma,Coimbatore,Individual,2024-01-14
CUST0328,Harish Iyer,Erode,Individual,2024-05-16
CUST0329,Harish Krishnan,Madurai,Individual,2025-09-04
CUST0330,Priya Mohan,Coimbatore,Business,2023-06-11
CUST0331,Harish Balan,Tirunelveli,Individual,2025-10-23
CUST0332,Kavya Menon,Salem,Business,2023-09-27
CUST0333,Deepak Sharma,Vellore,Individual,2025-08-13
CUST0334,Akash Mohan,Chennai,Individual,2023-07-19
CUST0335,Karthik Reddy,Erode,Business,2025-03-06
CUST0336,Anitha Menon,Coimbatore,Business,2026-01-17
CUST0337,Anitha Sharma,Vellore,Individual,2026-05-22
CUST0338,Naveen Menon,Tirunelveli,Individual,2024-11-08
CUST0339,Harish Iyer,Chennai,Individual,2026-06-29
CUST0340,Vijay Mohan,Chennai,Individual,2023-11-19
CUST0341,Divya Mohan,Madurai,Individual,2023-09-10
CUST0342,Surya Mohan,Chennai,Individual,2024-02-05
CUST0343,Divya Kumar,Tirunelveli,Individual,2024-03-27
CUST0344,Sanjay Kumar,Salem,Individual,2026-03-26
CUST0345,Dinesh Kumar,Chennai,Individual,2025-09-30
CUST0346,Arun Nair,Erode,Individual,2025-05-30
CUST0347,Naveen Balan,Chennai,Individual,2023-01-29
CUST0348,Keerthi Menon,Tirunelveli,Individual,2024-04-12
CUST0349,Deepak Balan,Madurai,Individual,2024-02-20
CUST0350,Divya Raj,Chennai,Individual,2024-11-17
CUST0351,Surya Krishnan,Chennai,Individual,2024-03-14
CUST0352,Swathi Mohan,Chennai,Individual,2023-09-30
CUST0353,Rahul Balan,Chennai,Individual,2025-02-24
CUST0354,Meena Raj,Salem,Individual,2025-04-06
CUST0355,Kavya Menon,Chennai,Business,2024-04-01
CUST0356,Surya Balan,Coimbatore,Individual,2025-01-07
CUST0357,Karthik Balan,Salem,Business,2025-02-10
CUST0358,Meena Sharma,Erode,Individual,2025-09-01
CUST0359,Priya Kumar,Chennai,Individual,2023-01-22
CUST0360,Manoj Raj,Tirunelveli,Business,2024-08-25
CUST0361,Anitha Reddy,Trichy,Individual,2024-07-16
CUST0362,Keerthi Mohan,Tirunelveli,Individual,2026-07-01
CUST0363,Sanjay Iyer,Vellore,Individual,2024-02-12
CUST0364,Anitha Sharma,Trichy,Individual,2024-05-31
CUST0365,Manoj Nair,Madurai,Individual,2023-03-09
CUST0366,Arun Iyer,Madurai,Business,2023-03-06
CUST0367,Keerthi Raj,Chennai,Individual,2025-09-05
CUST0368,Arun Mohan,Chennai,Individual,2024-04-07
CUST0369,Anitha Raj,Chennai,Individual,2024-12-13
CUST0370,Divya Sharma,Tirunelveli,Business,2023-05-13
CUST0371,Vijay Mohan,Coimbatore,Individual,2024-03-13
CUST0372,Deepak Sharma,Coimbatore,Individual,2024-03-21
CUST0373,Karthik Krishnan,Madurai,Individual,2025-04-20
CUST0374,Naveen Menon,Trichy,Individual,2023-03-01
CUST0375,Deepak Krishnan,Trichy,Individual,2026-08-13
CUST0376,Naveen Kumar,Salem,Business,2023-06-22
CUST0377,Priya Krishnan,Trichy,Individual,2025-03-01
CUST0378,Harish Reddy,Chennai,Business,2023-07-12
CUST0379,Kavya Balan,Chennai,Business,2025-02-25
CUST0380,Kavya Iyer,Chennai,Individual,2024-09-14
CUST0381,Ravi Iyer,Tirunelveli,Individual,2024-08-07
CUST0382,Kavya Krishnan,Tirunelveli,Individual,2026-02-24
CUST0383,Vijay Kumar,Chennai,Individual,2023-06-16
CUST0384,Swathi Sharma,Trichy,Business,2024-09-17
CUST0385,Deepak Balan,Salem,Individual,2025-09-12
CUST0386,Priya Iyer,Tirunelveli,Individual,2024-03-17
CUST0387,Arun Raj,Vellore,Individual,2024-07-09
CUST0388,Meena Kumar,Erode,Individual,2023-08-04
CUST0389,Keerthi Kumar,Chennai,Individual,2025-02-08
CUST0390,Manoj Sharma,Vellore,Individual,2023-10-22
CUST0391,Priya Raj,Tirunelveli,Individual,2025-08-25
CUST0392,Anitha Krishnan,Madurai,Individual,2025-07-23
CUST0393,Ravi Reddy,Madurai,Business,2026-05-29
CUST0394,Surya Iyer,Vellore,Individual,2024-10-31
CUST0395,Manoj Mohan,Vellore,Individual,2023-11-03
CUST0396,Ravi Mohan,Chennai,Individual,2023-09-17
CUST0397,Vijay Mohan,Madurai,Individual,2023-01-12
CUST0398,Deepak Iyer,Tirunelveli,Business,2025-03-13
CUST0399,Akash Raj,Salem,Business,2024-02-06
CUST0400,Priya Raj,Salem,Individual,2026-05-07
CUST0401,Priya Krishnan,Trichy,Individual,2023-03-20
CUST0402,Harish Balan,Coimbatore,Business,2024-09-26
CUST0403,Keerthi Menon,Salem,Individual,2025-05-08
CUST0404,Priya Reddy,Tirunelveli,Individual,2025-01-07
CUST0405,Manoj Reddy,Tirunelveli,Individual,2024-12-03
CUST0406,Kavya Balan,Coimbatore,Individual,2025-11-11
CUST0407,Deepak Krishnan,Madurai,Individual,2023-03-20
CUST0408,Deepak Kumar,Coimbatore,Individual,2024-12-07
CUST0409,Swathi Kumar,Chennai,Individual,2023-01-09
CUST0410,Manoj Balan,Chennai,Business,2024-12-21
CUST0411,Arun Mohan,Erode,Individual,2024-11-09
CUST0412,Divya Balan,Coimbatore,Business,2025-10-21
CUST0413,Harish Raj,Vellore,Business,2026-01-09
CUST0414,Karthik Balan,Coimbatore,Individual,2023-10-26
CUST0415,Kavya Menon,Madurai,Business,2025-09-07
CUST0416,Vijay Krishnan,Chennai,Individual,2023-02-16
CUST0417,Akash Kumar,Chennai,Individual,2026-04-18
CUST0418,Karthik Nair,Madurai,Individual,2026-04-06
CUST0419,Vijay Reddy,Trichy,Individual,2023-01-19
CUST0420,Keerthi Sharma,Chennai,Individual,2024-08-25
CUST0421,Naveen Raj,Chennai,Individual,2026-08-17
CUST0422,Arun Menon,Tirunelveli,Individual,2023-06-20
CUST0423,Divya Menon,Coimbatore,Individual,2025-03-01
CUST0424,Manoj Nair,Chennai,Individual,2025-05-12
CUST0425,Harish Reddy,Erode,Individual,2024-06-18
CUST0426,Vijay Reddy,Chennai,Individual,2024-06-16
CUST0427,Akash Sharma,Coimbatore,Individual,2026-04-28
CUST0428,Vijay Krishnan,Coimbatore,Individual,2026-07-29
CUST0429,Keerthi Kumar,Tirunelveli,Individual,2023-08-02
CUST0430,Kavya Sharma,Chennai,Individual,2026-07-16
CUST0431,Akash Kumar,Chennai,Individual,2023-07-06
CUST0432,Ravi Raj,Chennai,Individual,2023-04-09
CUST0433,Swathi Sharma,Vellore,Business,2025-04-16
CUST0434,Akash Reddy,Coimbatore,Individual,2024-02-21
CUST0435,Anitha Sharma,Madurai,Individual,2024-12-18
CUST0436,Akash Kumar,Salem,Individual,2024-03-26
CUST0437,Swathi Iyer,Coimbatore,Individual,2025-08-11
CUST0438,Keerthi Kumar,Coimbatore,Individual,2026-08-08
CUST0439,Manoj Kumar,Coimbatore,Individual,2026-05-26
CUST0440,Harish Mohan,Madurai,Individual,2026-08-16
CUST0441,Arun Menon,Erode,Individual,2023-08-30
CUST0442,Keerthi Mohan,Trichy,Individual,2026-03-06
CUST0443,Dinesh Iyer,Madurai,Individual,2023-03-24
CUST0444,Meena Iyer,Coimbatore,Individual,2024-09-12
CUST0445,Dinesh Krishnan,Vellore,Individual,2023-03-28
CUST0446,Meena Kumar,Madurai,Business,2024-05-22
CUST0447,Dinesh Kumar,Chennai,Individual,2025-09-16
CUST0448,Naveen Sharma,Salem,Individual,2024-03-06
CUST0449,Karthik Raj,Coimbatore,Individual,2023-07-03
CUST0450,Arun Menon,Salem,Individual,2025-07-02
CUST0451,Divya Sharma,Trichy,Business,2026-08-20
CUST0452,Karthik Nair,Erode,Individual,2025-11-30
CUST0453,Priya Nair,Salem,Individual,2023-04-15
CUST0454,Deepak Mohan,Vellore,Individual,2024-02-29
CUST0455,Dinesh Reddy,Coimbatore,Individual,2026-01-27
CUST0456,Keerthi Kumar,Tirunelveli,Individual,2026-04-16
CUST0457,Rahul Krishnan,Trichy,Business,2025-03-10
CUST0458,Kavya Sharma,Coimbatore,Business,2026-05-28
CUST0459,Surya Reddy,Chennai,Individual,2025-02-15
CUST0460,Arun Menon,Trichy,Individual,2025-08-25
CUST0461,Priya Raj,Trichy,Business,2023-10-22
CUST0462,Akash Iyer,Coimbatore,Individual,2024-07-17
CUST0463,Deepak Menon,Erode,Individual,2024-05-12
CUST0464,Akash Kumar,Chennai,Individual,2024-05-31
CUST0465,Swathi Iyer,Trichy,Individual,2024-12-07
CUST0466,Meena Krishnan,Madurai,Individual,2023-06-26
CUST0467,Kavya Raj,Trichy,Business,2023-03-29
CUST0468,Anitha Raj,Vellore,Individual,2023-02-04
CUST0469,Manoj Sharma,Salem,Individual,2024-01-10
CUST0470,Meena Balan,Trichy,Individual,2026-03-02
CUST0471,Harish Mohan,Coimbatore,Individual,2024-02-09
CUST0472,Arun Krishnan,Coimbatore,Individual,2026-05-07
CUST0473,Harish Sharma,Tirunelveli,Individual,2026-01-14
CUST0474,Naveen Menon,Chennai,Individual,2023-11-22
CUST0475,Vijay Menon,Erode,Business,2026-07-23
CUST0476,Meena Krishnan,Erode,Business,2023-08-15
CUST0477,Vijay Menon,Madurai,Individual,2026-02-03
CUST0478,Priya Iyer,Chennai,Individual,2025-02-02
CUST0479,Divya Sharma,Madurai,Individual,2025-01-12
CUST0480,Dinesh Balan,Coimbatore,Business,2025-01-14
CUST0481,Anitha Sharma,Vellore,Individual,2023-07-03
CUST0482,Priya Reddy,Chennai,Business,2026-07-22
CUST0483,Ravi Mohan,Chennai,Business,2024-07-01
CUST0484,Dinesh Raj,Salem,Individual,2023-08-09
CUST0485,Divya Mohan,Erode,Individual,2025-05-25
CUST0486,Naveen Nair,Madurai,Business,2024-03-09
CUST0487,Anitha Krishnan,Salem,Individual,2023-07-19
CUST0488,Ravi Balan,Chennai,Individual,2024-01-09
CUST0489,Karthik Iyer,Vellore,Individual,2023-01-15
CUST0490,Karthik Mohan,Chennai,Individual,2025-12-27
CUST0491,Divya Menon,Trichy,Individual,2025-05-09
CUST0492,Divya Nair,Trichy,Business,2023-09-11
CUST0493,Ravi Nair,Madurai,Business,2023-03-20
CUST0494,Arun Mohan,Chennai,Individual,2023-03-12
CUST0495,Meena Menon,Coimbatore,Individual,2026-01-20
CUST0496,Sanjay Iyer,Chennai,Individual,2024-08-08
CUST0497,Deepak Reddy,Chennai,Individual,2024-03-28
CUST0498,Arun Krishnan,Erode,Individual,2024-11-14
CUST0499,Kavya Iyer,Madurai,Individual,2025-10-12
CUST0500,Rahul Iyer,Madurai,Business,2026-05-17
CUST0501,Surya Balan,Chennai,Individual,2023-12-05
CUST0502,Meena Sharma,Chennai,Individual,2026-06-20
CUST0503,Priya Sharma,Trichy,Business,2024-01-01
CUST0504,Keerthi Menon,Madurai,Individual,2026-06-19
CUST0505,Divya Balan,Tirunelveli,Individual,2024-03-06
CUST0506,Sanjay Sharma,Trichy,Business,2025-12-24
CUST0507,Keerthi Reddy,Tirunelveli,Business,2026-05-01
CUST0508,Akash Kumar,Trichy,Individual,2023-03-07
CUST0509,Ravi Krishnan,Erode,Individual,2025-05-30
CUST0510,Anitha Reddy,Coimbatore,Individual,2025-12-07
CUST0511,Vijay Balan,Trichy,Business,2024-11-02
CUST0512,Harish Raj,Trichy,Business,2025-01-23
CUST0513,Meena Balan,Chennai,Individual,2024-12-03
CUST0514,Meena Iyer,Chennai,Individual,2025-02-21
CUST0515,Swathi Reddy,Madurai,Individual,2026-02-12
CUST0516,Karthik Menon,Salem,Individual,2024-12-01
CUST0517,Deepak Krishnan,Salem,Business,2023-10-20
CUST0518,Harish Krishnan,Chennai,Individual,2025-05-17
CUST0519,Swathi Balan,Coimbatore,Individual,2023-04-21
CUST0520,Meena Nair,Madurai,Business,2025-02-26
CUST0521,Swathi Nair,Chennai,Individual,2025-10-10
CUST0522,Ravi Balan,Erode,Individual,2023-06-01
CUST0523,Manoj Balan,Tirunelveli,Individual,2023-09-07
CUST0524,Keerthi Iyer,Salem,Individual,2023-11-06
CUST0525,Rahul Reddy,Chennai,Individual,2023-04-06
CUST0526,Kavya Raj,Madurai,Individual,2025-02-25
CUST0527,Dinesh Kumar,Coimbatore,Individual,2024-11-08
CUST0528,Swathi Raj,Trichy,Individual,2023-09-02
CUST0529,Swathi Balan,Erode,Individual,2023-06-06
CUST0530,Keerthi Mohan,Chennai,Individual,2026-01-18
CUST0531,Karthik Krishnan,Madurai,Individual,2024-02-20
CUST0532,Manoj Krishnan,Vellore,Individual,2025-08-22
CUST0533,Ravi Balan,Tirunelveli,Individual,2024-06-20
CUST0534,Akash Raj,Madurai,Individual,2026-04-04
CUST0535,Kavya Raj,Salem,Individual,2026-07-16
CUST0536,Divya Reddy,Madurai,Individual,2023-08-01
CUST0537,Deepak Menon,Madurai,Business,2023-04-23
CUST0538,Rahul Iyer,Coimbatore,Individual,2023-06-12
CUST0539,Vijay Sharma,Madurai,Individual,2025-08-05
CUST0540,Swathi Sharma,Erode,Individual,2023-10-12
CUST0541,Manoj Raj,Trichy,Individual,2024-12-27
CUST0542,Surya Reddy,Trichy,Individual,2023-05-05
CUST0543,Anitha Mohan,Chennai,Individual,2023-06-17
CUST0544,Manoj Reddy,Trichy,Individual,2025-06-11
CUST0545,Karthik Menon,Madurai,Individual,2026-07-23
CUST0546,Kavya Iyer,Erode,Individual,2025-11-29
CUST0547,Karthik Sharma,Erode,Business,2023-11-09
CUST0548,Naveen Krishnan,Chennai,Individual,2023-01-29
CUST0549,Vijay Reddy,Coimbatore,Business,2024-08-30
CUST0550,Kavya Mohan,Coimbatore,Individual,2024-09-15
CUST0551,Naveen Menon,Chennai,Individual,2025-06-05
CUST0552,Akash Nair,Salem,Business,2024-04-08
CUST0553,Anitha Krishnan,Trichy,Individual,2026-01-06
CUST0554,Arun Kumar,Tirunelveli,Individual,2025-08-29
CUST0555,Harish Iyer,Chennai,Individual,2024-01-03
CUST0556,Kavya Kumar,Chennai,Individual,2023-11-06
CUST0557,Deepak Mohan,Madurai,Individual,2023-03-24
CUST0558,Manoj Sharma,Madurai,Individual,2024-05-22
CUST0559,Keerthi Reddy,Vellore,Business,2023-06-06
CUST0560,Keerthi Iyer,Erode,Business,2024-11-10
CUST0561,Dinesh Iyer,Vellore,Individual,2026-07-09
CUST0562,Naveen Raj,Tirunelveli,Individual,2024-08-21
CUST0563,Arun Sharma,Coimbatore,Individual,2024-07-21
CUST0564,Deepak Krishnan,Trichy,Individual,2026-03-24
CUST0565,Keerthi Balan,Tirunelveli,Individual,2023-10-28
CUST0566,Anitha Sharma,Tirunelveli,Individual,2024-12-04
CUST0567,Surya Kumar,Chennai,Individual,2025-06-22
CUST0568,Swathi Raj,Chennai,Business,2023-07-29
CUST0569,Ravi Nair,Vellore,Business,2024-04-27
CUST0570,Sanjay Balan,Coimbatore,Individual,2024-09-27
CUST0571,Arun Mohan,Chennai,Individual,2026-05-09
CUST0572,Keerthi Nair,Salem,Individual,2025-02-24
CUST0573,Rahul Mohan,Vellore,Individual,2023-06-20
CUST0574,Deepak Mohan,Salem,Individual,2023-10-21
CUST0575,Anitha Menon,Coimbatore,Individual,2025-10-17
CUST0576,Rahul Balan,Tirunelveli,Individual,2024-07-24
CUST0577,Karthik Raj,Erode,Business,2024-05-01
CUST0578,Ravi Reddy,Chennai,Business,2025-11-25
CUST0579,Naveen Reddy,Erode,Business,2026-03-18
CUST0580,Kavya Balan,Coimbatore,Individual,2026-03-26
CUST0581,Dinesh Menon,Trichy,Individual,2024-08-09
CUST0582,Sanjay Krishnan,Trichy,Business,2025-04-29
CUST0583,Priya Reddy,Madurai,Business,2025-10-17
CUST0584,Akash Kumar,Madurai,Individual,2026-07-26
CUST0585,Arun Nair,Chennai,Individual,2024-04-10
CUST0586,Harish Menon,Erode,Individual,2023-03-20
CUST0587,Naveen Raj,Vellore,Business,2025-11-24
CUST0588,Rahul Sharma,Chennai,Individual,2023-12-09
CUST0589,Divya Balan,Chennai,Individual,2025-07-22
CUST0590,Anitha Menon,Chennai,Individual,2026-02-06
CUST0591,Dinesh Krishnan,Vellore,Individual,2025-02-21
CUST0592,Karthik Menon,Chennai,Individual,2024-02-28
CUST0593,Rahul Mohan,Coimbatore,Individual,2025-11-13
CUST0594,Dinesh Mohan,Trichy,Individual,2026-01-23
CUST0595,Priya Menon,Vellore,Individual,2026-02-24
CUST0596,Sanjay Iyer,Coimbatore,Business,2024-05-28
CUST0597,Divya Mohan,Chennai,Individual,2023-11-28
CUST0598,Meena Mohan,Salem,Business,2024-06-15
CUST0599,Harish Iyer,Coimbatore,Individual,2026-03-27
CUST0600,Manoj Kumar,Chennai,Individual,2023-03-25
CUST0601,Divya Krishnan,Chennai,Individual,2025-04-18
CUST0602,Divya Sharma,Trichy,Individual,2023-11-10
CUST0603,Priya Sharma,Coimbatore,Individual,2023-05-27
CUST0604,Sanjay Menon,Trichy,Business,2024-02-09
CUST0605,Dinesh Reddy,Tirunelveli,Business,2024-12-12
CUST0606,Surya Menon,Chennai,Individual,2024-03-09
CUST0607,Anitha Kumar,Chennai,Business,2025-04-25
CUST0608,Kavya Iyer,Madurai,Individual,2026-05-06
CUST0609,Harish Kumar,Erode,Individual,2024-11-29
CUST0610,Priya Kumar,Tirunelveli,Individual,2025-10-27
CUST0611,Priya Sharma,Trichy,Individual,2026-03-31
CUST0612,Divya Iyer,Trichy,Individual,2026-02-05
CUST0613,Vijay Mohan,Madurai,Individual,2025-01-18
CUST0614,Anitha Raj,Madurai,Individual,2025-06-30
CUST0615,Deepak Reddy,Tirunelveli,Individual,2024-04-28
CUST0616,Surya Kumar,Vellore,Individual,2023-12-02
CUST0617,Priya Sharma,Vellore,Individual,2024-05-15
CUST0618,Keerthi Kumar,Trichy,Individual,2024-10-18
CUST0619,Divya Raj,Madurai,Individual,2026-04-15
CUST0620,Dinesh Raj,Chennai,Individual,2024-02-01
CUST0621,Swathi Sharma,Erode,Individual,2026-05-24
CUST0622,Meena Krishnan,Coimbatore,Individual,2023-11-28
CUST0623,Rahul Raj,Coimbatore,Individual,2023-08-16
CUST0624,Surya Kumar,Salem,Business,2026-04-30
CUST0625,Karthik Balan,Trichy,Individual,2024-10-17
CUST0626,Keerthi Sharma,Chennai,Individual,2026-06-17
CUST0627,Kavya Mohan,Erode,Business,2025-01-12
CUST0628,Rahul Krishnan,Tirunelveli,Individual,2026-06-24
CUST0629,Arun Menon,Chennai,Business,2025-01-24
CUST0630,Akash Reddy,Madurai,Individual,2023-02-22
CUST0631,Keerthi Kumar,Chennai,Individual,2026-04-20
CUST0632,Naveen Menon,Chennai,Individual,2025-10-21
CUST0633,Ravi Balan,Chennai,Business,2024-04-10
CUST0634,Karthik Balan,Trichy,Individual,2026-03-06
CUST0635,Naveen Balan,Madurai,Individual,2023-09-03
CUST0636,Swathi Krishnan,Coimbatore,Individual,2025-07-29
CUST0637,Harish Iyer,Salem,Individual,2026-02-22
CUST0638,Keerthi Mohan,Chennai,Business,2023-04-23
CUST0639,Priya Balan,Vellore,Individual,2026-05-01
CUST0640,Meena Reddy,Coimbatore,Individual,2025-08-22
CUST0641,Arun Raj,Chennai,Business,2024-03-18
CUST0642,Naveen Raj,Madurai,Individual,2025-09-28
CUST0643,Deepak Nair,Vellore,Business,2026-04-16
CUST0644,Harish Iyer,Madurai,Business,2023-11-27
CUST0645,Manoj Balan,Coimbatore,Individual,2024-02-29
CUST0646,Surya Balan,Chennai,Individual,2026-05-10
CUST0647,Meena Iyer,Coimbatore,Individual,2026-06-30
CUST0648,Rahul Kumar,Chennai,Business,2026-03-24
CUST0649,Vijay Balan,Vellore,Individual,2024-03-12
CUST0650,Dinesh Balan,Erode,Individual,2023-02-25
CUST0651,Manoj Iyer,Salem,Individual,2024-11-05
CUST0652,Sanjay Reddy,Chennai,Individual,2026-08-29
CUST0653,Manoj Balan,Coimbatore,Individual,2024-03-07
CUST0654,Swathi Reddy,Erode,Individual,2026-06-02
CUST0655,Meena Kumar,Salem,Business,2024-11-18
CUST0656,Surya Reddy,Coimbatore,Business,2025-07-17
CUST0657,Surya Sharma,Tirunelveli,Individual,2024-11-23
CUST0658,Meena Iyer,Salem,Individual,2026-06-02
CUST0659,Manoj Sharma,Tirunelveli,Business,2023-06-23
CUST0660,Akash Mohan,Chennai,Individual,2024-10-24
CUST0661,Kavya Iyer,Coimbatore,Individual,2024-05-20
CUST0662,Kavya Iyer,Salem,Individual,2025-06-21
CUST0663,Karthik Menon,Chennai,Individual,2024-01-11
CUST0664,Priya Kumar,Madurai,Individual,2024-01-04
CUST0665,Keerthi Nair,Coimbatore,Individual,2023-08-23
CUST0666,Rahul Reddy,Salem,Business,2024-11-02
CUST0667,Swathi Nair,Tirunelveli,Individual,2023-06-08
CUST0668,Priya Sharma,Vellore,Individual,2023-03-03
CUST0669,Sanjay Mohan,Coimbatore,Business,2024-03-13
CUST0670,Swathi Balan,Coimbatore,Individual,2024-06-25
CUST0671,Akash Raj,Chennai,Individual,2026-08-27
CUST0672,Swathi Sharma,Chennai,Business,2024-03-23
CUST0673,Arun Menon,Chennai,Business,2025-03-26
CUST0674,Ravi Balan,Chennai,Business,2023-04-09
CUST0675,Keerthi Nair,Chennai,Business,2024-05-21
CUST0676,Sanjay Kumar,Salem,Individual,2026-01-10
CUST0677,Deepak Iyer,Tirunelveli,Business,2025-07-31
CUST0678,Divya Balan,Trichy,Individual,2025-12-11
CUST0679,Naveen Menon,Coimbatore,Individual,2023-12-19
CUST0680,Dinesh Kumar,Chennai,Individual,2026-07-20
CUST0681,Sanjay Balan,Madurai,Individual,2023-12-04
CUST0682,Arun Mohan,Salem,Individual,2024-10-27
CUST0683,Priya Menon,Coimbatore,Individual,2024-06-15
CUST0684,Surya Nair,Tirunelveli,Individual,2023-06-13
CUST0685,Rahul Sharma,Trichy,Individual,2024-12-18
CUST0686,Divya Krishnan,Erode,Individual,2023-11-15
CUST0687,Sanjay Sharma,Erode,Individual,2023-04-09
CUST0688,Naveen Raj,Chennai,Business,2023-04-27
CUST0689,Deepak Sharma,Chennai,Individual,2024-07-19
CUST0690,Dinesh Nair,Coimbatore,Individual,2026-01-30
CUST0691,Ravi Nair,Tirunelveli,Individual,2023-06-26
CUST0692,Divya Iyer,Chennai,Business,2023-02-09
CUST0693,Harish Reddy,Erode,Business,2024-03-26
CUST0694,Anitha Sharma,Chennai,Individual,2023-09-11
CUST0695,Swathi Kumar,Trichy,Individual,2023-04-25
CUST0696,Priya Raj,Vellore,Individual,2025-03-01
CUST0697,Sanjay Iyer,Tirunelveli,Individual,2023-12-27
CUST0698,Rahul Mohan,Chennai,Individual,2023-03-01
CUST0699,Deepak Reddy,Tirunelveli,Individual,2025-01-06
CUST0700,Sanjay Balan,Coimbatore,Business,2024-03-21
CUST0701,Arun Raj,Trichy,Individual,2026-04-22
CUST0702,Harish Sharma,Vellore,Individual,2023-07-22
CUST0703,Keerthi Krishnan,Salem,Individual,2025-11-15
CUST0704,Vijay Mohan,Erode,Individual,2026-02-18
CUST0705,Sanjay Kumar,Erode,Individual,2025-06-28
CUST0706,Vijay Nair,Trichy,Individual,2024-02-21
CUST0707,Anitha Sharma,Erode,Individual,2026-07-08
CUST0708,Harish Balan,Tirunelveli,Individual,2023-04-26
CUST0709,Priya Balan,Tirunelveli,Individual,2026-06-27
CUST0710,Harish Krishnan,Vellore,Individual,2026-06-25
CUST0711,Dinesh Nair,Salem,Individual,2026-08-14
CUST0712,Sanjay Iyer,Chennai,Individual,2025-12-14
CUST0713,Kavya Krishnan,Madurai,Individual,2024-02-18
CUST0714,Harish Menon,Erode,Individual,2024-06-16
CUST0715,Sanjay Sharma,Chennai,Individual,2023-10-19
CUST0716,Anitha Iyer,Chennai,Individual,2023-09-03
CUST0717,Surya Balan,Coimbatore,Individual,2025-01-16
CUST0718,Vijay Balan,Erode,Individual,2024-03-27
CUST0719,Deepak Krishnan,Chennai,Individual,2025-03-22
CUST0720,Deepak Reddy,Erode,Individual,2025-07-28
CUST0721,Arun Reddy,Trichy,Individual,2024-07-05
CUST0722,Priya Kumar,Chennai,Individual,2024-04-06
CUST0723,Divya Reddy,Vellore,Individual,2024-06-25
CUST0724,Vijay Mohan,Trichy,Individual,2026-03-02
CUST0725,Harish Kumar,Salem,Individual,2025-03-22
CUST0726,Meena Balan,Chennai,Individual,2024-10-04
CUST0727,Priya Raj,Erode,Individual,2025-03-22
CUST0728,Kavya Mohan,Chennai,Individual,2024-03-02
CUST0729,Deepak Raj,Salem,Individual,2026-07-07
CUST0730,Anitha Balan,Coimbatore,Individual,2023-09-29
CUST0731,Deepak Sharma,Coimbatore,Individual,2024-12-11
CUST0732,Rahul Sharma,Vellore,Individual,2026-06-26
CUST0733,Arun Balan,Chennai,Individual,2023-08-20
CUST0734,Arun Krishnan,Coimbatore,Individual,2023-11-16
CUST0735,Karthik Raj,Trichy,Individual,2025-07-21
CUST0736,Vijay Sharma,Trichy,Individual,2023-08-24
CUST0737,Divya Balan,Madurai,Individual,2023-09-03
CUST0738,Surya Mohan,Coimbatore,Individual,2026-08-05
CUST0739,Kavya Krishnan,Salem,Individual,2026-01-22
CUST0740,Swathi Balan,Chennai,Individual,2026-07-04
CUST0741,Vijay Raj,Chennai,Individual,2026-08-22
CUST0742,Sanjay Reddy,Madurai,Individual,2024-08-16
CUST0743,Rahul Mohan,Erode,Business,2023-10-02
CUST0744,Deepak Krishnan,Madurai,Individual,2025-01-30
CUST0745,Akash Iyer,Chennai,Individual,2024-05-27
CUST0746,Akash Sharma,Erode,Individual,2025-11-12
CUST0747,Rahul Mohan,Chennai,Individual,2023-01-20
CUST0748,Anitha Raj,Vellore,Individual,2026-03-28
CUST0749,Deepak Iyer,Vellore,Business,2025-07-13
CUST0750,Divya Balan,Vellore,Individual,2024-09-04
CUST0751,Divya Krishnan,Tirunelveli,Individual,2025-08-01
CUST0752,Meena Balan,Tirunelveli,Individual,2026-01-02
CUST0753,Meena Mohan,Trichy,Individual,2025-09-07
CUST0754,Akash Nair,Coimbatore,Individual,2024-03-04
CUST0755,Akash Kumar,Vellore,Individual,2026-04-17
CUST0756,Divya Krishnan,Tirunelveli,Individual,2026-08-10
CUST0757,Karthik Mohan,Erode,Business,2025-06-18
CUST0758,Priya Iyer,Chennai,Individual,2024-11-08
CUST0759,Naveen Kumar,Madurai,Individual,2025-10-17
CUST0760,Harish Krishnan,Erode,Individual,2024-03-01
CUST0761,Dinesh Balan,Chennai,Individual,2025-06-24
CUST0762,Naveen Iyer,Salem,Individual,2024-04-20
CUST0763,Harish Krishnan,Salem,Individual,2025-05-05
CUST0764,Rahul Krishnan,Madurai,Business,2026-03-15
CUST0765,Anitha Balan,Tirunelveli,Business,2026-05-16
CUST0766,Dinesh Raj,Chennai,Individual,2026-06-19
CUST0767,Naveen Balan,Salem,Individual,2023-04-12
CUST0768,Akash Balan,Chennai,Business,2023-06-24
CUST0769,Arun Kumar,Erode,Individual,2025-11-14
CUST0770,Rahul Nair,Madurai,Individual,2023-08-19
CUST0771,Kavya Balan,Chennai,Individual,2025-12-16
CUST0772,Kavya Mohan,Vellore,Individual,2023-02-28
CUST0773,Akash Mohan,Coimbatore,Individual,2025-11-09
CUST0774,Harish Menon,Coimbatore,Individual,2023-01-20
CUST0775,Meena Mohan,Salem,Individual,2025-05-22
CUST0776,Priya Kumar,Tirunelveli,Business,2023-04-23
CUST0777,Kavya Iyer,Tirunelveli,Individual,2024-07-20
CUST0778,Divya Reddy,Salem,Individual,2025-07-04
CUST0779,Keerthi Mohan,Salem,Individual,2024-04-22
CUST0780,Divya Mohan,Chennai,Individual,2024-04-02
CUST0781,Kavya Sharma,Trichy,Individual,2026-04-28
CUST0782,Priya Mohan,Salem,Individual,2025-04-19
CUST0783,Kavya Menon,Salem,Individual,2024-12-29
CUST0784,Vijay Nair,Chennai,Individual,2026-07-19
CUST0785,Surya Nair,Chennai,Individual,2023-12-14
CUST0786,Arun Krishnan,Trichy,Individual,2025-01-17
CUST0787,Kavya Iyer,Erode,Individual,2025-12-04
CUST0788,Akash Raj,Tirunelveli,Individual,2025-10-19
CUST0789,Vijay Mohan,Chennai,Individual,2023-04-20
CUST0790,Sanjay Kumar,Salem,Individual,2025-06-18
CUST0791,Sanjay Menon,Chennai,Individual,2024-03-12
CUST0792,Karthik Reddy,Salem,Individual,2023-11-15
CUST0793,Karthik Raj,Coimbatore,Individual,2023-03-13
CUST0794,Swathi Iyer,Chennai,Individual,2024-07-06
CUST0795,Meena Krishnan,Coimbatore,Business,2024-04-24
CUST0796,Karthik Menon,Trichy,Individual,2025-11-25
CUST0797,Divya Menon,Coimbatore,Individual,2023-10-01
CUST0798,Manoj Reddy,Chennai,Individual,2025-02-06
CUST0799,Akash Reddy,Trichy,Individual,2023-07-02
CUST0800,Surya Menon,Madurai,Individual,2025-04-20
CUST0801,Arun Raj,Tirunelveli,Individual,2025-09-18
CUST0802,Surya Balan,Chennai,Business,2026-06-13
CUST0803,Swathi Sharma,Coimbatore,Individual,2024-03-25
CUST0804,Divya Reddy,Madurai,Individual,2026-07-30
CUST0805,Deepak Nair,Chennai,Individual,2025-09-23
CUST0806,Meena Krishnan,Madurai,Individual,2026-04-27
CUST0807,Meena Balan,Salem,Individual,2025-08-08
CUST0808,Manoj Balan,Tirunelveli,Individual,2024-06-22
CUST0809,Rahul Sharma,Salem,Business,2023-03-06
CUST0810,Vijay Balan,Coimbatore,Individual,2024-05-19
CUST0811,Keerthi Menon,Coimbatore,Individual,2024-11-01
CUST0812,Arun Reddy,Chennai,Individual,2023-10-26
CUST0813,Deepak Reddy,Chennai,Individual,2025-11-05
CUST0814,Karthik Sharma,Chennai,Individual,2025-07-25
CUST0815,Priya Krishnan,Chennai,Individual,2025-08-28
CUST0816,Swathi Raj,Chennai,Individual,2026-08-31
CUST0817,Divya Reddy,Madurai,Individual,2025-02-20
CUST0818,Priya Menon,Chennai,Individual,2026-04-27
CUST0819,Akash Kumar,Trichy,Individual,2023-08-09
CUST0820,Harish Nair,Chennai,Individual,2026-05-29
CUST0821,Keerthi Sharma,Chennai,Individual,2025-04-23
CUST0822,Swathi Raj,Chennai,Business,2023-06-22
CUST0823,Swathi Sharma,Trichy,Individual,2023-08-13
CUST0824,Sanjay Reddy,Coimbatore,Individual,2024-01-08
CUST0825,Surya Iyer,Trichy,Individual,2026-01-03
CUST0826,Keerthi Iyer,Vellore,Individual,2024-05-21
CUST0827,Akash Nair,Salem,Individual,2026-06-30
CUST0828,Surya Reddy,Chennai,Individual,2025-08-08
CUST0829,Priya Nair,Tirunelveli,Individual,2023-08-17
CUST0830,Ravi Kumar,Chennai,Individual,2026-07-23
CUST0831,Surya Raj,Madurai,Individual,2023-02-24
CUST0832,Karthik Raj,Coimbatore,Individual,2024-05-04
CUST0833,Deepak Mohan,Vellore,Individual,2023-01-20
CUST0834,Keerthi Reddy,Chennai,Individual,2023-05-09
CUST0835,Akash Nair,Chennai,Individual,2024-10-27
CUST0836,Akash Krishnan,Coimbatore,Individual,2026-07-12
CUST0837,Keerthi Sharma,Chennai,Individual,2024-04-16
CUST0838,Anitha Mohan,Coimbatore,Business,2026-07-02
CUST0839,Rahul Balan,Madurai,Business,2026-03-13
CUST0840,Meena Mohan,Chennai,Individual,2023-10-26
CUST0841,Anitha Reddy,Chennai,Individual,2026-08-14
CUST0842,Sanjay Kumar,Chennai,Individual,2026-02-21
CUST0843,Karthik Reddy,Chennai,Individual,2024-04-29
CUST0844,Akash Reddy,Erode,Individual,2025-02-15
CUST0845,Rahul Mohan,Vellore,Individual,2025-10-05
CUST0846,Harish Nair,Coimbatore,Individual,2025-04-09
CUST0847,Vijay Mohan,Salem,Individual,2026-02-23
CUST0848,Divya Nair,Trichy,Individual,2026-01-18
CUST0849,Anitha Sharma,Madurai,Individual,2025-03-03
CUST0850,Anitha Kumar,Tirunelveli,Individual,2026-07-08
CUST0851,Dinesh Krishnan,Coimbatore,Individual,2023-07-09
CUST0852,Divya Balan,Coimbatore,Individual,2023-12-18
CUST0853,Keerthi Raj,Coimbatore,Individual,2024-05-13
CUST0854,Arun Balan,Tirunelveli,Individual,2025-10-09
CUST0855,Ravi Nair,Coimbatore,Individual,2024-07-22
CUST0856,Akash Balan,Chennai,Individual,2023-08-30
CUST0857,Karthik Balan,Chennai,Business,2023-06-21
CUST0858,Naveen Mohan,Chennai,Individual,2026-08-22
CUST0859,Kavya Kumar,Tirunelveli,Individual,2026-08-22
CUST0860,Manoj Kumar,Coimbatore,Individual,2023-08-04
CUST0861,Deepak Reddy,Chennai,Individual,2026-05-27
CUST0862,Anitha Iyer,Trichy,Individual,2025-11-05
CUST0863,Ravi Reddy,Coimbatore,Individual,2025-05-19
CUST0864,Keerthi Balan,Salem,Individual,2026-05-06
CUST0865,Surya Reddy,Coimbatore,Individual,2024-05-12
CUST0866,Deepak Reddy,Erode,Individual,2025-10-25
CUST0867,Priya Iyer,Chennai,Business,2026-05-30
CUST0868,Sanjay Nair,Trichy,Individual,2023-05-21
CUST0869,Ravi Nair,Chennai,Business,2024-03-11
CUST0870,Deepak Balan,Chennai,Individual,2025-09-10
CUST0871,Meena Iyer,Vellore,Individual,2023-03-26
CUST0872,Meena Kumar,Salem,Business,2024-08-30
CUST0873,Swathi Balan,Madurai,Individual,2025-10-09
CUST0874,Manoj Reddy,Coimbatore,Individual,2025-12-23
CUST0875,Manoj Balan,Chennai,Individual,2023-08-19
CUST0876,Surya Reddy,Trichy,Individual,2023-12-19
CUST0877,Swathi Menon,Salem,Individual,2023-06-17
CUST0878,Karthik Sharma,Chennai,Individual,2024-09-08
CUST0879,Meena Balan,Trichy,Business,2023-02-22
CUST0880,Sanjay Sharma,Erode,Individual,2024-06-21
CUST0881,Deepak Nair,Erode,Individual,2025-05-05
CUST0882,Vijay Reddy,Trichy,Individual,2023-03-17
CUST0883,Kavya Iyer,Tirunelveli,Individual,2025-03-09
CUST0884,Sanjay Mohan,Chennai,Individual,2025-12-15
CUST0885,Meena Sharma,Chennai,Individual,2025-08-26
CUST0886,Harish Kumar,Erode,Individual,2023-11-23
CUST0887,Rahul Reddy,Chennai,Business,2024-09-30
CUST0888,Arun Reddy,Vellore,Individual,2024-07-06
CUST0889,Manoj Raj,Vellore,Business,2024-02-18
CUST0890,Deepak Raj,Erode,Individual,2026-07-16
CUST0891,Anitha Sharma,Erode,Individual,2023-01-17
CUST0892,Karthik Sharma,Madurai,Individual,2024-04-03
CUST0893,Priya Raj,Tirunelveli,Individual,2024-03-31
CUST0894,Deepak Nair,Madurai,Individual,2026-08-08
CUST0895,Sanjay Raj,Salem,Business,2023-10-05
CUST0896,Karthik Krishnan,Chennai,Individual,2023-07-06
CUST0897,Ravi Nair,Madurai,Individual,2024-06-06
CUST0898,Keerthi Mohan,Coimbatore,Individual,2024-03-10
CUST0899,Surya Menon,Erode,Individual,2026-07-20
CUST0900,Ravi Balan,Chennai,Individual,2025-11-30
CUST0901,Keerthi Iyer,Coimbatore,Business,2026-03-15
CUST0902,Divya Raj,Coimbatore,Business,2026-07-04
CUST0903,Manoj Reddy,Coimbatore,Individual,2025-12-23
CUST0904,Rahul Menon,Salem,Individual,2024-10-18
CUST0905,Rahul Mohan,Vellore,Individual,2024-10-29
CUST0906,Deepak Kumar,Chennai,Individual,2023-09-13
CUST0907,Meena Raj,Erode,Individual,2024-07-15
CUST0908,Dinesh Nair,Salem,Individual,2025-03-31
CUST0909,Naveen Iyer,Chennai,Individual,2024-10-12
CUST0910,Dinesh Menon,Trichy,Business,2026-07-13
CUST0911,Rahul Raj,Chennai,Individual,2025-10-20
CUST0912,Deepak Raj,Madurai,Individual,2026-06-24
CUST0913,Keerthi Iyer,Trichy,Individual,2023-04-09
CUST0914,Surya Mohan,Erode,Individual,2024-03-23
CUST0915,Akash Menon,Coimbatore,Individual,2025-11-25
CUST0916,Vijay Reddy,Tirunelveli,Individual,2024-01-12
CUST0917,Deepak Menon,Chennai,Individual,2023-12-05
CUST0918,Deepak Nair,Erode,Individual,2024-11-23
CUST0919,Sanjay Reddy,Chennai,Individual,2023-08-03
CUST0920,Dinesh Nair,Trichy,Individual,2025-07-02
CUST0921,Manoj Reddy,Tirunelveli,Individual,2024-05-31
CUST0922,Divya Krishnan,Trichy,Individual,2024-11-04
CUST0923,Akash Balan,Chennai,Individual,2025-04-15
CUST0924,Kavya Krishnan,Vellore,Individual,2025-04-21
CUST0925,Rahul Raj,Coimbatore,Individual,2023-11-22
CUST0926,Vijay Iyer,Madurai,Individual,2025-03-06
CUST0927,Vijay Reddy,Erode,Individual,2025-07-17
CUST0928,Naveen Raj,Tirunelveli,Individual,2024-03-15
CUST0929,Priya Mohan,Vellore,Individual,2025-01-14
CUST0930,Deepak Iyer,Erode,Business,2025-03-26
CUST0931,Manoj Sharma,Coimbatore,Individual,2024-12-09
CUST0932,Anitha Nair,Madurai,Individual,2023-02-02
CUST0933,Akash Balan,Chennai,Individual,2024-01-15
CUST0934,Akash Krishnan,Salem,Business,2023-09-20
CUST0935,Manoj Krishnan,Vellore,Individual,2025-08-21
CUST0936,Priya Nair,Trichy,Business,2025-08-15
CUST0937,Priya Reddy,Coimbatore,Individual,2026-07-08
CUST0938,Karthik Mohan,Coimbatore,Individual,2023-10-15
CUST0939,Naveen Balan,Salem,Individual,2025-03-29
CUST0940,Sanjay Balan,Madurai,Individual,2025-09-11
CUST0941,Sanjay Nair,Chennai,Individual,2023-03-01
CUST0942,Naveen Menon,Chennai,Individual,2026-08-12
CUST0943,Sanjay Balan,Chennai,Individual,2023-11-04
CUST0944,Deepak Balan,Erode,Individual,2024-01-21
CUST0945,Kavya Raj,Coimbatore,Individual,2025-10-20
CUST0946,Priya Raj,Coimbatore,Business,2024-05-29
CUST0947,Sanjay Mohan,Chennai,Individual,2023-11-13
CUST0948,Priya Kumar,Coimbatore,Individual,2023-05-09
CUST0949,Surya Sharma,Salem,Individual,2023-04-19
CUST0950,Surya Reddy,Erode,Individual,2025-06-20
CUST0951,Karthik Raj,Trichy,Individual,2024-04-24
CUST0952,Surya Sharma,Coimbatore,Individual,2025-02-21
CUST0953,Deepak Sharma,Madurai,Individual,2025-12-12
CUST0954,Divya Krishnan,Chennai,Individual,2023-04-15
CUST0955,Karthik Nair,Erode,Individual,2023-05-13
CUST0956,Rahul Reddy,Madurai,Individual,2023-01-13
CUST0957,Naveen Mohan,Chennai,Business,2026-08-27
CUST0958,Arun Iyer,Chennai,Individual,2024-10-02
CUST0959,Naveen Mohan,Tirunelveli,Individual,2024-02-15
CUST0960,Swathi Reddy,Madurai,Business,2023-10-18
CUST0961,Sanjay Mohan,Vellore,Individual,2026-02-07
CUST0962,Surya Sharma,Madurai,Individual,2024-07-08
CUST0963,Manoj Raj,Trichy,Individual,2025-03-05
CUST0964,Kavya Mohan,Chennai,Business,2023-10-20
CUST0965,Arun Sharma,Erode,Individual,2026-02-21
CUST0966,Surya Mohan,Erode,Individual,2023-08-01
CUST0967,Meena Iyer,Erode,Individual,2024-08-12
CUST0968,Meena Menon,Erode,Individual,2025-03-02
CUST0969,Deepak Krishnan,Vellore,Business,2025-07-04
CUST0970,Dinesh Nair,Tirunelveli,Business,2024-03-28
CUST0971,Akash Raj,Madurai,Business,2026-05-06
CUST0972,Naveen Nair,Trichy,Individual,2024-11-24
CUST0973,Kavya Krishnan,Erode,Business,2024-07-31
CUST0974,Divya Reddy,Chennai,Individual,2026-06-08
CUST0975,Dinesh Balan,Chennai,Individual,2024-10-29
CUST0976,Rahul Menon,Coimbatore,Individual,2023-10-25
CUST0977,Surya Nair,Salem,Individual,2023-05-18
CUST0978,Swathi Reddy,Salem,Individual,2023-12-28
CUST0979,Manoj Raj,Coimbatore,Individual,2024-04-10
CUST0980,Swathi Kumar,Madurai,Individual,2024-11-24
CUST0981,Naveen Iyer,Madurai,Individual,2023-10-10
CUST0982,Vijay Iyer,Vellore,Individual,2026-06-20
CUST0983,Dinesh Nair,Erode,Business,2024-10-21
CUST0984,Meena Sharma,Vellore,Individual,2026-05-27
CUST0985,Arun Menon,Chennai,Business,2024-10-08
CUST0986,Harish Nair,Trichy,Individual,2024-06-21
CUST0987,Keerthi Mohan,Salem,Individual,2023-07-13
CUST0988,Vijay Sharma,Chennai,Individual,2024-11-20
CUST0989,Anitha Balan,Trichy,Business,2023-09-29
CUST0990,Rahul Kumar,Erode,Business,2025-07-22
CUST0991,Rahul Mohan,Tirunelveli,Individual,2025-02-14
CUST0992,Karthik Krishnan,Erode,Individual,2023-04-30
CUST0993,Swathi Sharma,Chennai,Individual,2024-06-23
CUST0994,Harish Kumar,Salem,Individual,2026-04-27
CUST0995,Akash Krishnan,Coimbatore,Individual,2023-11-13
CUST0996,Deepak Mohan,Salem,Individual,2023-01-01
CUST0997,Harish Krishnan,Chennai,Individual,2024-07-07
CUST0998,Sanjay Raj,Chennai,Individual,2025-06-13
CUST0999,Priya Balan,Chennai,Individual,2025-02-23
CUST1000,Priya Mohan,Salem,Individual,2023-06-18
