driver_id,driver_name,region,experience_years,rating,employment_status,license_type
DRV0001,Vijay Raj,Vellore,11,4.47,Active,HMV
DRV0002,Prakash Krishnan,Erode,3,3.35,Active,LMV
DRV0003,Arun Iyer,Salem,6,4.47,Active,LMV
DRV0004,Vijay Balan,Erode,3,4.21,Inactive,LMV + HMV
DRV0005,Vijay Menon,Salem,7,4.42,Active,LMV + HMV
DRV0006,Vijay Krishnan,Erode,7,4.42,Active,HMV
DRV0007,Surya Reddy,Erode,11,3.63,Active,LMV
DRV0008,Sanjay Reddy,Salem,3,4.66,Active,LMV
DRV0009,Karthik Balan,Salem,12,4.54,Active,HMV
DRV0010,Harish Iyer,Vellore,11,4.76,Active,LMV
DRV0011,Gokul Kumar,Tirunelveli,8,3.68,Active,LMV
DRV0012,Akash Iyer,Salem,10,4.37,Active,LMV
DRV0013,Ravi Sharma,Vellore,7,3.75,Active,LMV + HMV
DRV0014,Dinesh Balan,Trichy,10,3.62,Active,LMV + HMV
DRV0015,Akash Nair,Tirunelveli,10,4.7,Active,HMV
DRV0016,Ramesh Kumar,Vellore,2,3.81,Active,LMV
DRV0017,Gokul Iyer,Erode,12,4.33,Active,LMV
DRV0018,Dinesh Krishnan,Madurai,2,4.04,Active,LMV + HMV
DRV0019,Ramesh Sharma,Madurai,12,4.54,Inactive,LMV
DRV0020,Karthik Sharma,Vellore,10,3.92,Active,LMV
DRV0021,Deepak Sharma,Erode,3,4.3,Active,HMV
DRV0022,Ravi Balan,Erode,2,4.49,Active,LMV + HMV
DRV0023,Ajay Balan,Coimbatore,3,2.82,Active,LMV + HMV
DRV0024,Ravi Iyer,Chennai,10,4.03,Active,HMV
DRV0025,Rahul Iyer,Chennai,8,3.54,On Leave,LMV
DRV0026,Surya Menon,Salem,8,4.83,Active,LMV
DRV0027,Manoj Reddy,Erode,4,4.47,Active,LMV
DRV0028,Deepak Nair,Salem,5,4.15,Active,LMV
DRV0029,Ramesh Reddy,Erode,5,4.5,Active,LMV
DRV0030,Ajay Balan,Chennai,2,4.28,Active,LMV + HMV
DRV0031,Ajay Balan,Coimbatore,8,3.82,Active,HMV
DRV0032,Akash Kumar,Tirunelveli,5,4.81,Active,LMV
DRV0033,Vijay Reddy,Coimbatore,12,4.93,Active,LMV
DRV0034,Arun Balan,Coimbatore,4,4.57,Active,HMV
DRV0035,Akash Kumar,Madurai,11,4.58,Active,LMV + HMV
DRV0036,Sanjay Sharma,Coimbatore,8,4.13,Active,HMV
DRV0037,Surya Nair,Chennai,9,3.92,Active,HMV
DRV0038,Prakash Sharma,Coimbatore,8,4.52,Active,LMV
DRV0039,Naveen Kumar,Coimbatore,2,3.82,Active,LMV
DRV0040,Sanjay Sharma,Madurai,9,4.09,Active,HMV
DRV0041,Deepak Balan,Coimbatore,5,3.97,Active,LMV
DRV0042,Dinesh Iyer,Tirunelveli,3,3.67,Active,LMV
DRV0043,Rahul Iyer,Salem,7,4.37,Active,LMV + HMV
DRV0044,Ramesh Raj,Chennai,7,4.07,Active,HMV
DRV0045,Akash Iyer,Trichy,10,4.05,Active,LMV + HMV
DRV0046,Mohan Mohan,Tirunelveli,8,4.86,Active,LMV
DRV0047,Vijay Krishnan,Tirunelveli,12,3.85,Active,LMV
DRV0048,Deepak Sharma,Trichy,12,3.63,Active,LMV + HMV
DRV0049,Manoj Menon,Trichy,11,3.78,Active,LMV
DRV0050,Naveen Raj,Coimbatore,7,4.29,Active,LMV + HMV
DRV0051,Prakash Iyer,Chennai,2,4.7,Active,LMV
DRV0052,Surya Balan,Madurai,4,4.17,Active,LMV
DRV0053,Arun Reddy,Chennai,11,3.63,Active,LMV
DRV0054,Naveen Menon,Coimbatore,3,3.31,On Leave,LMV
DRV0055,Suresh Mohan,Salem,8,3.93,Active,LMV + HMV
DRV0056,Ajay Raj,Vellore,2,4.75,Active,LMV
DRV0057,Karthik Iyer,Chennai,12,4.26,Active,LMV
DRV0058,Bala Sharma,Vellore,4,3.7,Active,LMV
DRV0059,Bala Nair,Tirunelveli,10,4.22,Inactive,LMV + HMV
DRV0060,Harish Iyer,Salem,1,3.79,Active,LMV + HMV
DRV0061,Bala Reddy,Tirunelveli,1,3.99,Active,HMV
DRV0062,Sanjay Sharma,Vellore,7,4.47,Active,LMV + HMV
DRV0063,Sanjay Mohan,Erode,1,4.51,Active,LMV + HMV
DRV0064,Akash Menon,Tirunelveli,8,4.29,Active,LMV
DRV0065,Vijay Nair,Chennai,4,3.76,Active,LMV
DRV0066,Arun Nair,Chennai,11,4.36,Active,HMV
DRV0067,Karthik Nair,Salem,12,4.07,Active,LMV
DRV0068,Gokul Balan,Coimbatore,7,3.78,Active,LMV
DRV0069,Dinesh Reddy,Chennai,8,3.65,Active,LMV + HMV
DRV0070,Ajay Sharma,Vellore,11,3.96,Active,HMV
DRV0071,Naveen Iyer,Chennai,5,4.16,Active,HMV
DRV0072,Surya Balan,Chennai,11,4.07,Active,LMV
DRV0073,Dinesh Raj,Vellore,10,2.74,On Leave,HMV
DRV0074,Akash Iyer,Tirunelveli,11,3.93,Inactive,LMV + HMV
DRV0075,Karthik Sharma,Erode,3,4.94,On Leave,LMV
DRV0076,Arun Nair,Chennai,4,3.53,Active,LMV
DRV0077,Sanjay Reddy,Vellore,11,4.57,Active,LMV
DRV0078,Ramesh Raj,Madurai,1,4.46,Active,LMV
DRV0079,Ramesh Raj,Salem,5,4.19,Active,LMV
DRV0080,Ramesh Iyer,Salem,4,4.82,Active,HMV
DRV0081,Arun Balan,Vellore,6,3.75,Active,LMV + HMV
DRV0082,Suresh Sharma,Salem,5,4.1,Active,LMV + HMV
DRV0083,Ajay Balan,Tirunelveli,2,4.07,Active,LMV + HMV
DRV0084,Harish Kumar,Chennai,12,4.43,Active,LMV
DRV0085,Prakash Kumar,Chennai,10,4.51,On Leave,LMV + HMV
DRV0086,Gokul Mohan,Trichy,6,5.0,Active,LMV
DRV0087,Surya Menon,Tirunelveli,9,4.04,Active,LMV
DRV0088,Karthik Mohan,Vellore,11,4.52,Active,LMV
DRV0089,Ajay Mohan,Erode,12,4.86,Active,LMV + HMV
DRV0090,Naveen Nair,Erode,8,4.16,Active,LMV
DRV0091,Rahul Mohan,Trichy,7,4.18,Active,LMV + HMV
DRV0092,Gokul Reddy,Coimbatore,10,4.83,Active,LMV + HMV
DRV0093,Deepak Kumar,Madurai,10,3.64,Active,LMV
DRV0094,Dinesh Sharma,Madurai,8,4.57,Inactive,LMV + HMV
DRV0095,Vijay Iyer,Trichy,1,3.81,Active,LMV + HMV
DRV0096,Harish Balan,Tirunelveli,12,4.11,Active,HMV
DRV0097,Naveen Kumar,Coimbatore,6,4.06,Active,LMV
DRV0098,Bala Balan,Madurai,11,4.85,Active,LMV
DRV0099,Naveen Mohan,Madurai,1,3.69,Active,LMV
DRV0100,Karthik Kumar,Tirunelveli,9,3.2,Active,HMV
DRV0101,Ravi Reddy,Trichy,5,3.94,Active,LMV
DRV0102,Naveen Kumar,Chennai,1,3.65,Active,LMV
DRV0103,Manoj Balan,Tirunelveli,9,4.23,Active,HMV
DRV0104,Arun Sharma,Trichy,5,4.49,Active,LMV
DRV0105,Mohan Kumar,Madurai,3,4.38,Active,LMV
DRV0106,Surya Mohan,Madurai,12,3.56,Active,LMV
DRV0107,Prakash Sharma,Coimbatore,4,3.46,Active,HMV
DRV0108,Naveen Balan,Chennai,11,4.38,On Leave,LMV
DRV0109,Suresh Mohan,Vellore,6,3.63,Active,LMV
DRV0110,Manoj Nair,Madurai,6,3.46,Active,LMV
DRV0111,Akash Krishnan,Erode,9,4.85,Active,LMV
DRV0112,Arun Sharma,Vellore,8,3.99,Active,LMV
DRV0113,Suresh Kumar,Madurai,11,4.25,Active,LMV
DRV0114,Gokul Mohan,Salem,10,4.29,Active,LMV
DRV0115,Bala Iyer,Salem,5,4.19,Active,LMV
DRV0116,Suresh Mohan,Coimbatore,4,4.17,On Leave,LMV
DRV0117,Dinesh Reddy,Erode,5,4.29,Active,LMV
DRV0118,Dinesh Krishnan,Tirunelveli,11,3.84,On Leave,LMV + HMV
DRV0119,Akash Balan,Erode,11,4.19,Active,LMV + HMV
DRV0120,Karthik Iyer,Tirunelveli,11,3.84,Active,HMV
DRV0121,Rahul Reddy,Coimbatore,11,4.48,Active,LMV
DRV0122,Gokul Raj,Erode,5,4.15,Active,LMV
DRV0123,Karthik Krishnan,Erode,10,4.12,Active,LMV + HMV
DRV0124,Deepak Balan,Chennai,10,4.3,Active,LMV + HMV
DRV0125,Harish Sharma,Coimbatore,12,4.63,On Leave,LMV
DRV0126,Bala Raj,Trichy,9,4.56,On Leave,HMV
DRV0127,Bala Reddy,Tirunelveli,3,4.37,Active,LMV
DRV0128,Prakash Menon,Erode,5,4.0,Active,LMV
DRV0129,Deepak Kumar,Chennai,5,4.76,Active,LMV + HMV
DRV0130,Vijay Kumar,Trichy,3,3.76,Active,LMV
DRV0131,Ramesh Raj,Tirunelveli,4,3.82,Active,LMV
DRV0132,Gokul Raj,Tirunelveli,1,4.86,Active,LMV + HMV
DRV0133,Surya Kumar,Vellore,8,3.72,Active,LMV + HMV
DRV0134,Akash Raj,Salem,2,4.36,Active,LMV
DRV0135,Prakash Balan,Vellore,3,4.26,Active,LMV
DRV0136,Manoj Nair,Tirunelveli,9,4.05,Active,LMV + HMV
DRV0137,Ajay Iyer,Erode,7,3.9,On Leave,HMV
DRV0138,Sanjay Menon,Trichy,10,3.93,Active,LMV + HMV
DRV0139,Naveen Nair,Coimbatore,3,3.69,Active,HMV
DRV0140,Vijay Kumar,Chennai,6,3.55,Active,LMV + HMV
DRV0141,Sanjay Sharma,Madurai,6,3.29,Active,LMV
DRV0142,Akash Iyer,Madurai,5,4.08,Active,LMV
DRV0143,Suresh Nair,Chennai,7,4.65,Active,LMV
DRV0144,Ramesh Mohan,Madurai,12,3.39,Active,HMV
DRV0145,Vijay Mohan,Tirunelveli,3,4.29,On Leave,LMV
DRV0146,Vijay Nair,Chennai,4,4.21,Active,LMV
DRV0147,Karthik Menon,Salem,7,4.58,Active,LMV
DRV0148,Ravi Mohan,Erode,2,4.49,Active,HMV
DRV0149,Suresh Mohan,Chennai,10,4.41,Active,LMV
DRV0150,Sanjay Balan,Vellore,6,3.76,Active,LMV + HMV
DRV0151,Naveen Raj,Trichy,3,4.16,Active,HMV
DRV0152,Bala Balan,Erode,7,3.99,Active,LMV
DRV0153,Suresh Mohan,Chennai,11,3.61,Active,LMV
DRV0154,Harish Kumar,Erode,7,4.33,Active,LMV
DRV0155,Arun Iyer,Trichy,6,3.75,On Leave,HMV
DRV0156,Rahul Kumar,Madurai,12,4.55,Active,LMV
DRV0157,Naveen Sharma,Chennai,2,4.33,On Leave,LMV + HMV
DRV0158,Rahul Raj,Tirunelveli,4,3.52,On Leave,LMV + HMV
DRV0159,Gokul Iyer,Trichy,4,4.66,Active,LMV
DRV0160,Naveen Menon,Erode,3,4.19,Active,HMV
DRV0161,Deepak Balan,Vellore,12,4.15,Active,LMV + HMV
DRV0162,Manoj Iyer,Tirunelveli,8,2.98,Active,LMV + HMV
DRV0163,Ramesh Balan,Erode,6,3.8,On Leave,LMV
DRV0164,Ramesh Nair,Madurai,3,3.74,Active,LMV
DRV0165,Manoj Balan,Coimbatore,11,3.75,Active,LMV + HMV
DRV0166,Dinesh Krishnan,Vellore,3,3.59,Active,LMV
DRV0167,Suresh Raj,Vellore,11,3.52,Active,LMV
DRV0168,Bala Kumar,Vellore,10,4.68,Active,LMV
DRV0169,Ravi Mohan,Erode,7,3.81,Active,LMV
DRV0170,Dinesh Menon,Tirunelveli,5,3.1,Active,LMV
DRV0171,Ravi Sharma,Chennai,11,3.72,Active,LMV
DRV0172,Ajay Sharma,Erode,6,3.74,Active,LMV
DRV0173,Mohan Raj,Salem,1,3.94,Active,LMV + HMV
DRV0174,Rahul Krishnan,Madurai,8,4.03,Active,LMV
DRV0175,Arun Krishnan,Chennai,12,4.15,Active,HMV
DRV0176,Rahul Mohan,Trichy,10,3.82,Active,LMV
DRV0177,Mohan Sharma,Coimbatore,7,4.12,Active,HMV
DRV0178,Naveen Iyer,Tirunelveli,3,5.0,Active,LMV + HMV
DRV0179,Manoj Mohan,Erode,9,3.72,Active,HMV
DRV0180,Mohan Raj,Tirunelveli,12,3.35,Active,HMV
DRV0181,Deepak Sharma,Madurai,1,4.54,Active,LMV
DRV0182,Arun Raj,Coimbatore,4,3.92,Active,HMV
DRV0183,Manoj Balan,Tirunelveli,8,3.73,Active,LMV
DRV0184,Manoj Mohan,Coimbatore,2,3.52,Active,HMV
DRV0185,Surya Raj,Salem,11,4.63,Active,LMV
DRV0186,Dinesh Menon,Chennai,5,3.63,Active,LMV
DRV0187,Karthik Mohan,Tirunelveli,12,4.97,Active,LMV
DRV0188,Gokul Nair,Salem,12,4.84,Active,HMV
DRV0189,Gokul Menon,Vellore,4,4.56,On Leave,LMV + HMV
DRV0190,Sanjay Menon,Chennai,2,3.92,Active,HMV
DRV0191,Deepak Mohan,Tirunelveli,11,5.0,Active,LMV
DRV0192,Dinesh Krishnan,Madurai,5,3.53,Active,LMV
DRV0193,Gokul Balan,Chennai,4,4.1,Active,HMV
DRV0194,Bala Raj,Madurai,4,3.6,Active,LMV + HMV
DRV0195,Harish Kumar,Coimbatore,3,4.23,Active,LMV
DRV0196,Karthik Sharma,Coimbatore,11,4.23,Active,LMV
DRV0197,Gokul Kumar,Madurai,8,4.46,Active,LMV
DRV0198,Sanjay Balan,Tirunelveli,8,4.01,Active,LMV
DRV0199,Mohan Kumar,Salem,1,4.4,Active,LMV
DRV0200,Naveen Reddy,Chennai,6,3.96,Active,LMV
